Product Name,Label,Comments/Alternates
"Cat5e 24AWG UTP Ethernet Network Cable, 6-inch Orange",,
HP Workstation Z620 - MT - 4U - 1 x Xeon E5-2620V2 / 2.1 GHz - RAM 8 GB - HDD 1 TB - DVD SuperMulti - Quadro K2000 - Gig,HP,
Startech.com Sv411k 4 Port Starview Kvm Switch Kit,Startech.com,
Hestia 2pc Speaker Stands Mocha*,Hestia,
Fosmon HDMI Female to Micro HDMI Male Adapter,Fosmon,
Lantronix SecureLinx Spider Compact Remote-KVM with Local Access - KVM / USB extender - USB,Lantronix,
Epson WorkForce 40/600 Inkjet Ink Cartridge,Epson,
Fellowes Blue Medium Mouse Pad,Fellowes,
StarTech.com 1:2 Standalone USB 2.0 Flash Drive Duplicator and Eraser - Flash Drive Copier,Startech.com,
Off Lease Refurbished DELL 1909 Widescreen 19 WideScreen LCD Flat Panel Computer Monitor Display,Dell,
"LEVITON T7280-B Surge Recep, Dup, 5-15R, LED/Audible, Ind, BL",Leviton,
3M PF23.0W9 Privacy Filter for LCD Monitor,3M,
Chief Manufacturing XpressShip PTS Series Fixed Universal Desktop Mount for 30 - 50 LCD/Plasma,Chief Manufacturing,
Hp Quadro K420 Graphic Card - 891 Mhz Core - 1 Gb Ddr3 Sdram - Pci Express 2.0 X16 - Low-profile - 3840 X 2160 - Opengl - Displayport - Dvi (j3g86at),HP,
Lenovo ThinkPad Tablet 2 Bluetooth Keyboard with Stand - Keyboard - Bluetooth - English - US - for ThinkPad Tablet 2,Lenovo,
"SQUARE D HL4IMA12C Surge Protection Device,Type 2,120kA,3P",Square D,
Corlink SFP-1GE-T-COR Juniper Compatible 1000BASE-T SFP Copper 100m RJ45,Corlink,
Audio-Technica QuietPoint ATH-ANC25 Headphone - Stereo - Black - Mini-phone - Wired - 20 Ohm - 20 Hz 20 kHz - Over-the-h,Audio-Technica,
BTI Notebook Battery - 5200 mAh - Lithium Ion (Li-Ion) - 10.8 V DC,BTI,
"HP TouchSmart 15-d037dx Core i3 3130M - 2.6 GHz, Windows 8.1 64-bit, 4 GB RAM, 750 GB HDD, DVD SuperMulti, 15.6 touchsc",HP,
"Gear Head Mouse - Optical - Wireless - Radio Frequency - Purple, Black - 1000 dpi - Scroll Wheel",Gear Head,
NEC Display E424 42 1080p LED-LCD TV - 16:9 - HDTV 1080p - ATSC - 178&#176; / 178&#176; - 1920 x 1080 - 3 x HDMI - USB - Media Pl,NEC Display,
"Acer Blue 15.6 E5-571 Laptop PC with Intel Core i3-4005U Dual-Core Processor, 4GB Memory, 500GB Hard Drive and Windows 7 Home Premium",Acer,
EDGE Boost Pro - Solid state drive - 30 GB - internal - 2.5 - SATA 6Gb/s,Edge,
"AddOn - Notebook battery - 1 x lithium ion 6-cell 5200 mAh - for Dell Latitude E5400, E5410, E5410 N-Series, E5500, E551",AddOn,
Parent Units TV Guard Button Blocker for Large Televisions,Parent Units,
"LEGRAND 40N2F05WH Raceway, Base Seam Clip G2286882",Legrand,
Targus 13.3 Laptop Skin with Handle,Targus,
"Walkera Scout X4 Quadcopter - DEVO F12E Remote, iLook + 1080p HD Camera, 3-axis gimbal, Groundstation, Carbon Color - SC",Walkera,
Acer Veriton X2631_Ec - SFF - 1 x Core i5 4440 / 3.1 GHz - RAM 4 GB - HDD 500 GB - GigE - Windows 7 Pro 64-bit / 8 Pro 6,Acer,
Installation Kit for a Pair of 8 Inch In-Ceiling Speakers,,
"Olay Total Effects 7-in-1 Anti-Aging Eye Transforming Cream, .5 oz",Olay,
Kensington ClickSafe Keyed Ultra Lock,Kensington,
"Cisco Handset Standard - Handset - charcoal - for Unified IP Phone 6901, 6911, 6921, 6941, 6945, 6961",Cisco,
APC Smart-UPS X 1500 VA Tower/Rack Mountable UPS - 1500VA/1200W - 5.8 Minute Full Load - 8 x NEMA 5-15R,APC,
StarTech.com 10 ft Mini DisplayPort to DVI Adapter Converter Cable - Mini DP to DVI 1920x1200 - White - Mini DisplayPort,Startech.com,
"SMS Audio Sync By 50 On-Ear Wireless Sport Headphone - Bluetooth, Sweat Proof, Water Resistant, Rubber Coating, Oval-Fit",SMS Audio,
Pioneer Tsa4103 4 X 10 2-Way S ers,Pioneer,
"V7 Type A Male to Type B Male USB 2.0 10 Cable, Black",V7,
Zeikos ZE-NBG3100 Battery Grip for Nikon D3100 Digital SLR Camera,Zeikos,
Off Lease REFURBISHED IBM Lenovo M91 i5 3.1GHz 12GB 1TB DVD-RW Win 7 Pro64 Desktop Computer,IBM,
"Tripp Lite 12-Port Wallmount Cat5e Patch Panel - 568B, RJ45 Ethernet",Tripp Lite,
Nyko PS4 / PS3 Universal Power Cable (Universal,Nyko,
OFM Laptop Computer Stand,OFM,
HP 16GB DDR3 SDRAM Memory Module - 16 GB (1 x 16 GB) - DDR3 SDRAM - 1600 MHz DDR3-1600/PC3-12800 - ECC - Registered - 24,HP,
Griffin KaZoo for Samsung Galaxy S5 - Smartphone - Owl - Silicone,Griffin,
Coby Electronics Pink Jammerz Isolation Stereo Earphones CVE52PNK,Coby Electronics,
Mimo Monitors 720S 7 LCD Touchscreen Monitor - 16 ms - Resistive - 800 x 480 - WVGA - 400:1 - 350 Nit - USB - RoHS - 1,Mimo Monitors,
Gear Head Screen Gear Universal Display Cleaning Kit 1 oz. - SC5500UNV,Gear Head,
"roocase Slim Fit Quadric TPU Case Protective Cover works with iPhone 6 Plus 5.5, Pink",Roocase,
Adesso AKB-410PB Slim Touch Mini Keyboard with Built in Touchpad - PS/2 - 88 Keys - Black,Adesso,
"Full-Motion Wall Mount Bracket (Max 33 lbs, 13 - 27 inch)",,
"Activision StarCraft II: Wings of Liberty - Action/Adventure Game Retail - PC, Mac",Activision,
HJC AC12/CL15/CL16/CLSP/CSR1/FS10/FS15/IS16 HJ09 Pinlock Shield Clear,Hjc,
Off Lease REFURBISHED HP DC7700 Core 2 Duo 1.8GHz 2GB 400GB CDRW/DVD Win 7 Home Desktop Computer,HP,
Samsung Compatible Cyan Toner Cartridge CLT-C506L/ CLP-680/ CLX-6260,Samsung,
Gumdrop Air Shell - Palm Tree Island Collection - iPhone 4 Case,Gumdrop,
HP Workstation Z620 - MT - 4U - 1 x Xeon E5-2620V2 / 2.1 GHz - RAM 8 GB - HDD 1 TB - DVD SuperMulti - Quadro K2000 - Gig,HP,
CyberPower EC350G Ecologic 350VA/255W Energy Efficient Desktop ECO UPS - 350 VA/255 W - Desktop - 8 x NEMA 5-15R,CyberPower,
LaCie d2 - Hard drive - 4 TB - external ( desktop ) - USB 3.0 / Thunderbolt - 7200 rpm,LaCie,
"Ultra Slim Series USB 3.0 Cable, A Male to Micro B Male, 2 Ft Black",,
Steren 200-130 F-jack To Bnc Plug Adapter,Steren,
Lexmark X340A11G Black Return Program Toner Cartridge,Lexmark,
Crucial - DDR3 - 4 GB : 2 x 2 GB - SO DIMM 204-pin - 1600 MHz / PC3-12800 - CL11 - 1.35 V - unbuffered - non-ECC,Crucial,
EDGE - DDR3 - 4 GB - DIMM 240-pin - 1600 MHz / PC3-12800 - unbuffered - ECC,Edge,
Corlink 108659228-COR Avaya Compatible 1000BASE-SX GBIC 850nm 550m MMF SC,Corlink,
Chief Manufacturing Reaction Series Single Articulating Arm Tilt/Swivel Universal Wall Mount for up to 65 LCD/Plasma,Chief Manufacturing,
RCA RCR4358N 4-Device Big-Button Universal Remote,RCA,
Nintendo Super Mario 3D World - Action/Adventure Game Retail - Wii U,Nintendo,
"StarTech 14AWG Computer Power Cord, 3",StarTech,
Midland LXT600VP3 Gmrs 36 Channel Outfitters Camoperp Up To 26 Miles Value Pack,Midland,
"Belkin Gold Series - Printer cable - DB-25 (M) - 36 pin Centronics (M) - 10 ft ( IEEE-1284 ) - molded, thumbscrews, stra",Belkin,
Tripp Lite Internet Office INTERNET600U 600VA Mini Desktop UPS - 600VA/300W - 3 Minute Full Load - 8 x NEMA 5-15R,Tripp Lite,
Add-on Computer-XFP transceiver module-10GBase-SR-LC multi-mode-up to 980 ft-850 nm-XFP-SR,,
"BRADY R4410-RD Thermal Transfer Printer Ribbon, Red",Brady,
Panasonic Toughbook Cf-53salc8rm 14 Led Notebook - Intel Core I5 I5-3340m 2.70 Ghz - 4 Gb Ram - 500 Gb Hdd - Intel Hd 4000 Graphics - Windows 8 - 1366 X 768 Display - Bluetooth (cf-53salc8rm),Panasonic,
VTG MDPK Black Banana Plugs 2-Pack,VTG,
"Fiber Optic Cable, LC/SC, Single Mode, Duplex - 1 meter (9/125 Type) - Yellow",,
AddOn - Twinaxial cable - SFP+ - SFP+ - 16.4 ft,AddOn,
AddOn - Network cable - QSFP+ - QSFP+ - 16.4 ft - fiber optic - active cable (signal regeneration),AddOn,
Off Lease REFURBISHED HP Pro 6200 3.1GHz Quad Core i5 4GB 160GB DVD Win 7 Pro64 Small Form Computer PC,HP,
CTA Sure Shot Rifle (Wii),CTA,
McKlein USA R Series Roosevelt Leather Laptop Catalog Case,McKlein USA,
LG 34UM94-P 34 LED LCD Monitor - 21:9 - 5 ms - Adjustable Display Angle - 3440 x 1440 - 1.07 Billion Colors - 320 Nit -,LG,
Lenovo ThinkPad S1 Yoga Intel Core i5 4GB Memory 5 (Refurbished),Lenovo,
Cables To Go 01949 Rj45 Cat5 8x8 Modular Plug For Flat Stranded Cable 100pk,Cables To Go,
Clover Technologies Toner Cartridge - Black - Laser - 10000 Page - 1 Each - Remanufactured,Clover Technologies,
"Corsair CMSA4GX3M1A1066C7 MacBook Memory Module - 4GB, PC3-8500, DDR3-1066MHZ, 7-7-7-20 CAS Latency, 204-pin SO-DIMM, 1.",Corsair,
Kyasi London All Business Carrying Case (Folio) for iPad - Rad Red - Synthetic Leather,Kyasi,
"LG 55 Class UHD 4K Smart 3D LED TV - WebOS, Ultra HD, 3840x2160 Resolution, 4x HDMI, WiFi, Web Browser - 55UB8500",LG,
Brother TN460 Black Toner Cartridge,Brother,
Corlink 61003024-COR Adva Compatible 1000BASE-CWDM SFP 1GE 2G FC 1550nm 80km DOM SMF LC,Corlink,
Polk Audio TSi 400 Black (Ea) Floorstanding Tower Loudspeaker,Polk Audio,
PC+TPU Horizontal Stand Case for Galaxy SIII - Black/Clear,,
Off Lease REFURBISHED HP Compaq DC7800 C2D 2.2GHz 8GB 1TB DVD Win 7 Pro64 Desktop Computer + 17 LCD,HP,
"Trident Aegis Iphone Case - Iphone - U.s. Marines Troops - Thermoplastic Elastomer [tpe], Polycarbonate, Silicone (ag-api647-bkk03)",Trident,
10FT 24AWG Cat5e 350MHz UTP Bare Copper Ethernet Network Cable - Purple,,
"Acer 24 Widescreen LED-LCD Monitor, Black (S242HL)",Acer,
"Mobile Edge NeoGrid Sleeve for Apple iPad and 10 Tablets, Assorted Color Stitching",Mobile Edge,
6ft USB 2.0 A Male to A Male 28/24AWG Cable (Gold Plated) - WHITE,,
"Pelican 1170-000-240 Protective Case with Foam, Yellow",Pelican,
Corlink 7SX-000-COR Adva Compatible 1000BASE-CWDM SFP 1GE 2G FC 1490nm 80km DOM SMF LC,Corlink,
Dane-Elec High-Speed 8GB Class 10 SDHC Card,Dane-Elec,
Minuteman En750 Enspire 750va Stand-by Ups,Minuteman,
Raritan Dominion DLX-116 Digital KVM Switch - 16 Computer(s) - 1 Local User(s) - 1 Remote User(s) - 1920 x 1080 - 17 x N,Raritan,
"Audiofly 78 Series Earphones, Marque Black",Audiofly,
High School Musical 3: Senior Year DANCE! Bundle (Xbox 360),,
Hp Probook 430 G1 F2q46ut 13.3 Led Notebook - Intel - Core I5 I5-4200u 1.6ghz - 4 Gb Ram - 128 Gb Ssd - Intel Hd 4000 Graphics - Genuine Windows 7 Professional 64-bit - 1366 X 768 (f2q46ut-aba),HP,
Lenovo KM4802 - Keyboard and mouse set - USB - English,Lenovo,
HP 824A (CB387A) Magenta Original LaserJet Image Drum - 1 Pack,HP,
"Smooth Full-Motion TV Wall Mount Bracket (Min 5.5 - Max 44 lbs, 23 - 42 inch)",,
SQUARE D 9070T100D1 Control Transformer,Square D,
Off Lease REFURBISHED Dell Optiplex 780 2.9GHz 4GB 1TB DVD Win 7 Home Small Form Desktop Computer,Dell Optiplex,
Cables To Go 03177 VALUE SERIES RCA PLUG TO RCA JACK x 2 Y-CABLE,Cables To Go,
Lexmark 15G041K Toner LEX15G041K,Lexmark,
Technical Pro PS92U Power Supply with 5V USB Charging Port,Technical Pro,
HiTi P510S Roll Photo Printer,HiTi,
Off Lease REFURBISHED HP 8000 Elite USF 3.0GHz C2D 2GB 250GB DVD-ROM Win 7 Pro Desktop Computer,HP,
"AEARO 350-4000 Ear Plugs, 22dB, w/o Cord, Universal PK100",Aearo,
"Evercool 80mm Case Fan - 3pin, 3wire, 2500rpm, 1Ball Bearing, 25.02CFM, 28dba, 0.12amp, 1.32W, 5V DC - FAN-EC8025M05CA",Evercool,
"Compucase RA364A00 3U Rackmount Chassis - Lockable Front Panel, Center Mount Holder, PS2 Power, Interchangeable Module",Compucase,
Logitech TrackMan Marble Mouse,Logitech,
"HP Pavilion 15-n237nr A series A8-4555M - 1.6 GHz, Windows 8.1 64-bit, 8 GB RAM, 1 TB HDD, DVD SuperMulti, 15.6 1366 x",HP,
"Refurbished Samsung 22 Class LED Monitor - 1920 x 1080, 16:9, Mega Infinity Dynamic Contrast Ratio, HDMI (Refurbished) - RB-S22C300",Samsung,
HGST Travelstar Z7K500 HTS725025A7E630 250 GB 2.5 Internal Hard Drive - SATA - 7200 rpm - 32 MB Buffer - Bulk,HGST,
Plantronics 84693-11 CS540 w/HL10 Lifter,Plantronics,
"BRADY 51584 Transfer Printer Tape,Reflectice,33 ft. G5543036",Brady,
Seagate Enterprise NAS HDD ST5000VN0001 - Hard drive - 5 TB - internal - 3.5 - SATA 6Gb/s - 7200 rpm - buffer: 128 MB,Seagate,
7FT FLEXboot Series 24AWG Cat6 550MHz UTP Bare Copper Ethernet Network Cable - Orange,,
Kingston 32GB Kit (4x8GB) - DDR3 1600MHz - 32 GB (4 x 8 GB) - DDR3 SDRAM - 1600 MHz - ECC - Registered,Kingston,
C2G Passive - SAS external cable - SAS 6Gbit/s - 4-Lane - 26 pin 4x Shielded Mini MultiLane SAS (SFF-8088) - 26 pin 4x S,C2G,
Fosmon Apple iPhone 6 4.7 Case - DURA-FROST Smooth Durable & Flexible Slim Fit TPU Case Cover - Clear,Fosmon,
"Comprehensive Cable Standard PC Power Cord, 1, Black",Comprehensive Cable,
"Canon Usa, Wide Format 1485b001 Ink Cartridge, Matte Black, 330ml,",Canon USA,
XANTECH AV61 6-Way A/V Distribution Amplifier,Xantech,
StarTech.com 12in Latching SATA to Right Angle SATA Serial ATA Cable - Male SATA - Male SATA - 12 - Red,Startech.com,
"CoolerMaster - Hyper T2 CPU Cooler - 92mm PWM Fan, Direct Contact Heatpipes, Universal Mounting Kit - RR-HT2-28PK-R1",Cooler Master,
Toshiba Canvio Basics 2 TB External Hard Drive - USB 3.0 - 5400 rpm - 8 MB Buffer - Portable - Black - 1 Pack,Toshiba Canvio,
SanDisk X300 - Solid state drive - 512 GB - internal - 2.5 - SATA 6Gb/s,SanDisk,
NETGEAR Powerline XAVB1201 - Bridge - HomePlug AV (HPAV) - wall-pluggable ( pack of 2 ),NETGEAR,
LG 55LB5900 55 1080p 120Hz Class LED HDTV,LG,
B&B Wi-Fi Dual Band Industrial Ethernet Bridge/Router - 2.48 GHz ISM Band - 5.82 GHz UNII Band - 65 Mbps Wireless Speed,B&B,
Vivitar Rapid Travel Charger for Sony NP-F970 F960 F930 FM500H FM50,Vivitar,
"10Gb Fiber Optic Cable, LC/ST, Multi Mode, Duplex - 1 Meter (50/125 Type) - Aqua",,
Lenovo ThinkCentre Edge E93z 10B8-0007US All-in-One Computer - Intel Core i5 i5-4430S 2.70 GHz - Desktop - Business Blac,Lenovo,
Sony SR32UYA/TQMN microSDHC/SDXC High Speed Memory Card,Sony,
Off Lease REFURBISHED IBM Lenovo M58 C2D 2.6GHz 8GB 1TB DVD Windows 7 Pro 64 Bit Tower Computer,IBM,
Corlink QFX-SFP-10GE-SR-COR Juniper Compatible 10GBASE-SR SFP+ 850nm 550m MMF LC,Corlink,
"Minuteman EnterprisePlus LCD E750RT2U - UPS ( rack-mountable / external ) - AC 120/125 V - 600 Watt - 750 VA - Ethernet,",Minuteman,
"Spacedec SD-DO Pole Mount for Flat Panel Display - 24 Screen Support - 26 lb Load Capacity - Aluminum, Steel, Plastic -",Spacedec,
Incipio The Specialist for iPhone 4/4S,Incipio,
"RCA VH6HCR 6 Ft Mini HDMI / HDMI Cable - HDMI for Audio/Video Device, TV - 6 ft - 1 x HDMI Male Digital Audio/Video - 1",RCA,
Targus Kickstand - Flip cover for tablet - black - for Apple iPad mini; iPad mini 2,Targus,
"SIIG USB 3.0 to SATA Adapter - Storage controller - 2.5, 3.5 - SATA 6Gb/s - 600 MBps - USB 3.0",SIIG,
Corlink 1442110G1-COR Adtran Compatible 1000BASE-BXD SFP Tx1490nm/Rx1310nm 20km DOM SMF LC,Corlink,
HP Essential Carrying Case (Messenger) for 17.3 Notebook,HP,
"Water Resistant/ WeatherProof Pouch for all iPhone, and most SmartPhones - Blue/ Black",,
Oki 43913804 Black Image Drum For C710 Series Printers,OKI,
HP 1 TB Internal Hard Drive - SATA - 7200 rpm,HP,
Corlink EX-SFP-1GE-SX-COR Juniper Compatible 1000BASE-SX SFP 850nm 550m DOM MMF LC,Corlink,
Kingston DTGE9/16GBZ 16gb Datatraveler Ge9 Flash Ext Drive Usb 2.0 Gold Metal Casing Us,Kingston,
"Middle Atlantic RIB Series Riser Base for WRK, 32 D",Middle Atlantic,
6ft 18AWG Right Angle Power Cord Cable w/ 3 Conductor PC Power Connector Socket (C13/5-15P) - Black,,
McKlein USA W Series River Forest Leather Laptop Briefcase,McKlein USA,
RCA 25 Digital Series Digital Quad RG-6 Coaxial Cable,RCA,
BTI TekPower Auto Adapter,BTI,
Epson Light Light Black Ink Cartridge - Light Light Black - Inkjet - 1 Each,Epson,
3ft S-Video|3.5mm Stereo to Composite RCA|RCA Stereo Combo 22AWG Cable (Gold Plated),RCA,
Samsung 840 EVO MZ-7TE250KW 250 GB 2.5 Internal Solid State Drive - SATA - 540 MBps Maximum Read Transfer Rate - 520 MB,Samsung,
"QVS Video Cable - for Monitor, Video Device - 15 ft - 1 x HD-15 Male VGA - 1 x HD-15 Male VGA - Shielding - Black",QVS,
Kingston 8GB 1600MHz DDR3 ECC Reg CL11 DIMM SR x4 w/TS Intel - 8 GB (1 x 8 GB) - DDR3 SDRAM - 1600 MHz DDR3-1600/PC3-128,Kingston,
"Rosewill Pellucid HD Series High Speed HDMI Cable (6 Feet) - HDMI for Audio/Video Device, Camera, Gaming Console - 6 ft",Rosewill,
"OKI DATA AMERICAS, INC Toner Cartridge, for C6100 Series, 5000 Page Yield, Cyan",OKI Data,
Solo Classic 16 Expandable Leather Attach USL4884,Solo,
Havis CF-H-PAN-504-P - Port replicator - for Toughpad FZ-A1,Havis,
Xerox Color Xpressions+ Copy Paper,Xerox,
Kensington K39512US KeyFolio Pro 2 Keyboard Case for iPad 2/3/4,Kensington,
"Epson T059 Ink, 450 Page-Yield",Epson,
"Seagate NAS Pro 4 Bay Server - 8TB, HDD 2TB x 4, SATA 3GB/s, RAID 0/1/5/6/10, JBOD, Gigabit Ethernet, 5 Hot Spare, iSCSI",Seagate,
Maxell Ur Type I Audio Cassette - 2 X 60minute(s) - Normal Bias,Maxell,
Allsop ALLSOP 30377 3D Mouse Pad (Marine) ALS30377,Allsop,
Off Lease REFURBISHED IBM Lenovo ThinkCentre M58p C2D 3.0GHz 2GB 400GB DVD Win 7 Desktop With 19 LCD,IBM,
"Manhattan Fast Ethernet Switch - 8 Port, Easy Plug & Play, Windows/Machintosh Compatible, 10/100 Port, 10/100Mbps, Ultra",Manhattan,
Audioengine A5+ White (Pr.) Powered Bookshelf Speakers,Audioengine,
Off Lease REFURBISHED IBM Lenovo M91 i5 3.1GHz 2GB 400GB DVD-RW Win 7 Pro Desktop Computer,IBM,
Valeo Portable Fitness Kit,Valeo,
Microsoft Sculpt Touch Mouse - BlueTrack - Wireless - Bluetooth - Storm Gray - 1000 dpi - Touch Scroll - 5 Button(s),Microsoft,
Transcend TS2GKR72V6Z 16gb 1600mhz Ddr3 240pin Dimm Mem Ecc Reg Drx4 Cl11,Transcend,
"Fosmon Motorola Moto X (2nd Gen, 2014) Case - DURA-FROST Smooth Durable & Flexible Slim Fit TPU Case Cover - Teal",Fosmon,
Off Lease REFURBISHED Dell Latitude E6410 I5 2.4GHz 2GB 160GB DVD Windows 7 Home Laptop Notebook,Dell,
"SMS Audio Sync By 50 On-Ear Wireless Sport Headphone - Bluetooth, Sweat Proof, Water Resistant, Rubber Coating, Oval-Fit",SMS Audio,
"Lenmar Ptz300ma Replacement Battery For Makita[r] 4334 Series, 5026 Series, 5036 Series Power Tools",Lenmar,
Wireless Extenders YX027-DPC/PCS-CEL Directional Indoor Base Unit Antenna,Antenna,
Amd Radeon Memory R5 Entertainment Series-16gb [2x8gb] Ddr3-1600 Mhz Cl11 Memory Kit - 16 Gb [2 X 8 Gb] - Ddr3 Sdram - 1600 Mhz Ddr3-1600/pc3-12800 - 1.35 V - 204-pin - Sodimm (r5316g1601s2lk),AMD,
I Spy Universe (DS),,
MSI A88XM GAMING - Motherboard - micro ATX - Socket FM2+ - AMD A88X - USB 3.0 - Gigabit LAN - onboard graphics (CPU requ,MSI,
Edge Tech Corp. PE206932 2GB 667MHz Non ECC DDR2,Edge Tech,
"High Speed HDMI Cable with HDMI Mini Connectors, 9-inch",,
StarTech.com SATA to LP4 with 2x SATA Power Splitter Cable,Startech.com,
Cables To Go 41020 2-WAY HIGH-FREQUENCY SPLITTER,Cables To Go,
"Select Series High Speed HDMI Cable, 1.5ft Black",,
Xerox 6r1411 Hp Q6001a Compatible Toner Lj 2600 Series Cyan,Xerox,
"NZXT S340 ATX Mid Tower White Computer Case - M/B Compatibility(ATX, Mini ITX, Micro ATX), 3x 3.5 in Bays, 2x 2.5 in B",NZXT,
Furman PL-Pro C Power Conditioner,Furman,
KONICA MINOLTA KNIA06V133 KONICA BR MAGICOLOR 5550 - 1-HI YLD BLACK TONER,Konica Minolta,
"HP - Hard drive - 146 GB - hot-swap - 3.5 - FC-AL - 10000 rpm - for StorageWorks Enterprise Virtual Array 3000, 5000, 5",HP,
Peerless Sa761pu Universal Articulating Arm Wall Mount,Peerless,
Intel Solid-State Drive 530 Series - Solid state drive - 120 GB - internal - mSATA - SATA 6Gb/s,Intel,
Off Lease REFURBISHED HP Pro 6300 3.2GHz QC i5 8GB 1TB DVD Win 7 Pro64 Small Form Computer PC+19LCD,HP,
"Niles RS5 Speckled Granite Pro 5 2-way, High Performance Rock Loudspeaker",Niles,
3FT USB 2.0 AB CERTIFIED DEVICE,,
Electronic Arts 73046 Fifa Soccer 14 Xbox One,Electronic Arts,
Jabra BIZ 2300 Headset - Stereo - USB - Wired - Over-the-head - Binaural - Supra-aural - Noise Cancelling Microphone,Jabra,
Gemini RS-412 2-Way High Powered Active Speaker,Gemini,
"ULTRA Charge and Sync Cable with Lightning Cable - USB to Lightning, 1 Foot, Flat Black - U12-43902",,
Cisco SG500X-48 Layer 3 Switch - 48 Ports - Manageable - 48 x RJ-45 - Stack Port - 4 x Expansion Slots - 10/100/1000Base,Cisco,
Incipio Frequency for iPod Touch 5G,Incipio,
Amped Wireless SR150 High Power Wireless-N Smart Repeater - IEEE 802.11n (draft) 150Mbps,Amped Wireless,
Off Lease REFURBISHED Dell Latitude E4310 Core i5 2.6GH 2GB 80GB DVD Windows 7 Home Laptop Notebook,Dell,
Canon GPR11Y GPR-11 Toner CNM7626A001AA,Canon,
Mini-DVI to HDMI Adapter,,
"Samsung Galaxy S4 Mini Unlocked GSM Android 4.2.2 SmartPhone - 4.3 Touchscreen, 8MP Rear/1.9MP Front Camera, White",Samsung,
Cta Digital Xb1-mfc Multi-function Carry Case For Xbox One[tm]/xbox 360[r]/xbox[r] Slim & Xbox Kinect[tm],CTA Digital,
"Lexmark Twin-Pack #14, #15 Black and Color Return Program Print Cartridges",Lexmark,
Visual Land Prestige Elite 7Q 8GB Tablet - 7 - Quad-Core - Black - Android 4.4 KitKat - Slate - 1024 x 600,Visual Land,
Corlink SRX-SFP-10GE-SR-COR Juniper Compatible 10GBASE-SR SFP+ 850nm 550m MMF LC,Corlink,
TOSHIBA AMERICA CONSUMER TK10 Toner For TF 631/671,Toshiba,
3M Monitor Stand for CRT & LCD,3M,
"Fiber Optic Cable, LC/LC, OM1, Multi Mode, Duplex - 9 meter (62.5/125 Type) - Orange",,
Power First 4CEK5 Gray Cable Protector,Power First,
"Ultra Slim 18Gbps Active High Speed HDMI Cable with RedMere Technology, 6ft White",Redmere Technology,
Roku Streaming Stick (Roku Ready Version),Roku,
Sima PowerMax Universal AC To DC Converter,Sima,
Plextor M6M 512GB mSATA Solid State Drive,Plextor,
Cables To Go 02053 RG59-62 MALE CRIMP-ON CONNECTOR for PLENUM CABLE,Cables To Go,
PANAMAX PM8-EX 8-OUTLET POWERMAX(R) PM8-EX SURGE PROTECTOR (WITHOUT SATELLITE and CATV PROTECTION),Panamax,
Go Travel Micro Mouse,Go Travel,
Xerox TN350 Black Toner Cartridge - Black - Laser - 2500 Page - 1 Each,Xerox,
Seagate Enterprise NAS HDD ST3000VN0001 - Hard drive - 3 TB - internal - 3.5 - SATA 6Gb/s - 7200 rpm - buffer: 128 MB,Seagate,
Sophia Global Remanufactured Ink Cartridge Replacement for HP 61 (Remanufactured) (Pack of 2)(Refurbished),Sophia Global,
QNAP Systems Turbo NAS TS-653 Pro NAS Server,QNAP,
Off Lease REFURBISHED Dell Optiplex 980 Ci5 3.2GHz 4GB 400GB DVD Win 7 Pro SFF Desktop + 17 LCD,Dell,
Kingston 32GB 1600MHz ECC Kit of 4,Kingston,
"roocase Slim FUSION Hybrid Clear PC TPU Case Cover works with iPhone 6 4.7, Gray",rooCASE,
NuForce MMP White Mobile Music Pump Portable Headphone Amplifier,NuForce,
Niles CM8HD (Ea.) 8-Inch Two-way In-Ceiling Loudspeaker with Pivoting Tweeter (FG01663),Niles,
Manhattan Mini USB 2.0 Multi-Card Reader & Writer,Manhattan,
Startech.com 2u Double-sided Horizontal Cable Management Panel With Finger Duct & D-ring Hooks - Cable Management Panel - Black - 1 Pack2u Rack Height - 19 Panel Width (cmpnl2u),Startech.com,
Canon CL31 Ink CNMCL31,Canon,
Targus Commuter Notebook Case - Leather - Black,Targus,
"Energizer Max C, 8 Pack",Energizer,
Corlink SFP-GIG-LH70-COR Alcatel Compatible 1000BASE-ZX SFP 1550nm 80km DOM SMF LC,Corlink,
Off Lease REFURBISHED Dell Latitude E6400 C2D 2.4GHz 2GB 320GB DVD Windows 7 Pro Laptop Notebook,Dell,
Fujifilm 16 GB SDHC Class 10 Flash Memory Card,Fujifilm,
"Peerless SmartMount Universal Tilt Wall Mount - Up to 80lb - 10, 24 Flat Panel Display, Flat Panel Display - Black",Peerless,
35ft Ultra Slim SVGA Super VGA 30/32AWG M/M Monitor Cable w/ ferrites (Gold Plated Connector),,
"BRADY 76766 Ribbon Cartridge,Black/Yellow,200 ft. L G0142895",Brady,
"imation 18059 imation DVD-R Discs, 4.7GB, 16x, Spindle, Silver, 100/Pack",Imation,
Urban Factory Crazy Mouse - Optical - Cable - Gray - USB - 800 dpi - Scroll Wheel - 3 Button(s) - Symmetrical,Urban Factory,
eMedia Guitar Lab 50 Licks Collection - 5 DVD Set,eMedia,
C2G Velocity-Digital audio cable (optical)-TOSLINK (M)-TOSLINK (M)-1.6 ft-fiber optic-40389,C2G,
Stress testing Item 57 DO NOT BUY,,
"Cat5e 24AWG UTP Ethernet Network Cable, 1ft Blue",,
Kimberly-clark WypAll X80 Towels - 41043 SEPTLS41241043,Kimberly-clark,
"Transcend JetFlashV70 32GB Flash Drive - USB2.0, Rubberized, Water/Dirt/Dust Resistant, Rugged, Meets US Military Drop",Transcend,
Chief Manufacturing XpressShip PTS Series Fixed Universal Desktop Mount for 30 - 50 LCD/Plasma,Chief Manufacturing,
"Tripp-Lite P006-004 AC Power Cable - 4ft, 18AWG, NEMA 5-15P to IEC-320-C13",Tripp-Lite,
Tripp Lite P556-006 DVI Cable,Tripp-Lite,
Chief RLT2 Wall Mount,Chief,
Cisco 2GB CompactFlash (CF) Card - 2 GB,Cisco,
"NEC Display 42 LED Backlit, Touch Integrated Large Screen Display - 42 LCDEthernet",NEC Display,
The Croods: Prehistoric Party! (DS),,
Monoprice 5361 1. 5ft SVGA Super VGA M And M Monitor Cable With ferrites Gold Plated,Monoprice,
Rapco Horizon Speaker Cable 18-Gauge 20 Feet 6-Pack,Rapco Horizon,
Asus A55BM-PLUS/CSM Desktop Motherboard - AMD A55 Chipset - Socket FM2+ - Micro ATX - 1 x Processor Support - 64 GB DDR3,Asus,
"V7 Professional CCP22-9N Carrying Case for 17 Notebook, Tablet - Weather Resistant Interior, Moisture Resistant Handle",V7,
HP LaserJet Pro 300 M375NW Laser Multifunction Printer - Refurbished - Color - Plain Paper Print - Desktop,HP,
Power Zone ORD100306 Dryer Cord 10 By 3 Srdt Gray 6 Ft.,Power Zone,
"Kingston DataTraveler HyperX DTHX30/256GB 256GB Flash Drive - USB 3.0, Up To 225MB/s Read Speed, Up To 135MB/s Write Spe",Kingston,
Kingston HyperX Predator - DDR3 - 16 GB : 4 x 4 GB - DIMM 240-pin - 1866 MHz / PC3-14900 - CL9 - 1.5 V - unbuffered - no,Kingston,
"Refurbished Lenovo ThinkCentre M57 RB-825633302075 Intel Dual-Core (2.00GHz), 4GB Memory, 750GB HDD, Windows 7 Home Premium 32-bit,",Lenovo,
Apple iPhone 6 (4.7) Case - HYBO-ARMOR Hybrid Dual Layer Case Cover with Kick Stand for iPhone 6 (4.7) - Red,Apple,
Corsair HX750W 750-Watt Modular Power Supply - Single +12V Rail Design,Corsair,
Koss Earbud Stereophone,Koss,
Clarion XR2420 XR Series 570W Amplifier,Clarion,
Buffalo 24-Port Rackmount Gigabit Green Ethernet Switch,Buffalo,
Metal 3.5mm Stereo Plug to RCA Jack Adaptor - Gold Plated,,
Turtle Beach Ear Force X12 Gaming Headset with Amplified Stereo Sound and Microphone (Xbox 360),Turtle Beach,
Toshiba EXCERIA - Flash memory card - 128 GB - 1000x - CompactFlash,Toshiba,
Kingston HyperX Predator Beast - DDR3 - 8 GB : 2 x 4 GB - DIMM 240-pin - 1866 MHz / PC3-14900 - CL9 - 1.5 V - unbuffered,Kingston,
"Eveready Gold Alkaline C Batteries, 8-Pack",Eveready,
Speck Spk-a0665 Apple iPhone 5/5s CandyShell Flip Case,Speck,
VGA & Component (YPbPr) w/ Audio to HDMI Converter,,
"Hori Wii U Mario Kart 8 Racing Wheel, Mario (Wii U)",Hori,
Samsung Waste Toner Cartridge for Samsung CLP-315 SASCLTW409,Samsung,
Lexmark - Extra High Yield - black - original - toner cartridge LRP - for E462dtn,Lexmark,
Fosmon 25FT High Speed HDMI to DVI Cable (18+1) Single Link 28AWG 1.2V Cable Adapter (Gold Plated Connectors),Fosmon,
Comprehensive Standard Series 2 gold RCA Plugs Each End Stereo Audio Cable 3ft,,
Keytronic TAG-A-LONG-U2 Keyboard,Keytronic,
FLUKE 884X-USB USB Cable Adapter,Fluke,
Manhattan Products 100984 Hi-Speed USB Combo Hub,Manhattan Products,
Belkin Cat.5e Network Cable - Category 5e - 7 Ft - 1 Pack - 1 X Rj-45 Male Network - 1 X Rj-45 Male Network - Gray (A3L79107S),Belkin,
"Commercial Series Standard HDMI Cable with Ethernet, 25ft Black",,
Famous Brand 500GB 7200RPM 3.5 3H SATA HARD DRIVE - Refurbished - THT35ST500G72-RB,Famous Brand,
Asus Zenbook Ux301la-dh51t 13.3 Notebook - Intel Core I5 I5-4200u 1.60 Ghz - Blue - 8 Gb Ram - 256 Gb Ssd - Intel Hd 4400 Graphics - Windows 8 64-bit - 2560 X 1440 Display - (90nb0191-m01530),Asus,
"Fractal Design Integra R2 750W - 750 Watts, 80PLUS Bronze, ATX Form Factor, 140mm Case, 120mm Fan, Black - FD-PSU-IN2B-7",Fractal Design,
Brother LC51BK Black Ink Cartridge,Brother,
Elo 2243L 22 LED Open-frame LCD Touchscreen Monitor - 16:9 - 5 ms - Surface Acoustic Wave - 1920 x 1080 - Full HD - 16.,Elo,
"ADDASOUND Crystal 2821 Monaural Headset - Wired, lightweight, adjustable headband - ADD-CRYSTAL2821",Addasound,
Audiovox RCR4258R RCA 4 Device Universal Remote Control Black,Audiovox,
Corlink 61004010-COR Adva Compatible 1000BASE-BXU SFP Tx1310nm/Rx1490nm 20km DOM SMF LC,Corlink,
AddOn AA400D2N3/1G Dell A0388045 Compatible 1GB DDR2-400MHz Unbuffered Dual Rank 1.8V 240-pin CL3 UDIMM - 100% compatibl,AddOn,
"HP - Power supply - hot-plug / redundant ( plug-in module ) - 650 Watt - United States - for HP 5820AF-24XG, 5920AF-24XG",HP,
"Microcom Ubiquiti UniFi Access Point AC - Wireless, 802.11a/b/g/n/ac, 630mW, 400ft, Simultaneous Dual Band, 802.3af Clas",Microcom,
Hp Probook 430 G1 F2q46ut 13.3 Led Notebook - Intel - Core I5 I5-4200u 1.6ghz - 4 Gb Ram - 128 Gb Ssd - Intel Hd 4000 Graphics - Genuine Windows 7 Professional 64-bit - 1366 X 768 (f2q46ut-aba),HP,
EVGA GeForce GTX 770 with ACX Cooler 2GB GDDR5 PCI Express 3.0 Graphic Card,Evga,
Targus Custom Fit 360 Rotating Case and Stand for iPad mini 1 and 2 with Free Stylus,Targus,
"Mobile Edge Alienware M11x Laptop Portfolio - Portfolio - Shoulder Strap , Handle - 11.6 Screen Support - Nylon - Black",Mobile Edge,
"Brother Tri-Color Inkjet Printer Cartridge, 3pk (LC413PKS)",Brother,
HP 15-d000 15-d035dx 15.6 LED (BrightView) Notebook - Refurbished - Intel Pentium N3520 2.17 GHz - 4 GB RAM - 750 GB HD,HP,
"Plustek SmartOffice PS286 Plus Color Document Scanner - Up to 8.5 x 14, 600 x 600 dpi; up to 25 ppm, USB 2.0, Duplex,",Plustek,
"Brother Tri-Color Inkjet Print Cartridge, 3pk (LC513PKS)",Brother,
Corsair Gaming MM200 Mouse Mat - XL Edition - Mouse pad,Corsair,
Califone International 1218AVPS-03 8-Position Stereo Listening Center With Headphone Rack,Califone International,
Conair TS251AD All-in-One Adapter,Conair,
3ft Premier Series 1/4-inch (TS) Right Angle Male to Right Angle Male 16AWG Audio Cable (Gold Plated),,
Atdec SD-POS-VBM Spacedec POS Multi Vesa Ball M,Atdec,
Tomb Raider: Game of the Year (Xbox 360),,
Audiopipe LBCH6PL Nippon 6 Amp Battery Charger,Audiopipe,
"Lexmark - Yellow - original - toner cartridge LCCP, LRP - for C746dn, 746dtn, 746n, 748de, 748dte, 748e",Lexmark,
3m Dvi I M M Video Cable,,
Oki 43324468 Toner OKI43324468,Oki,
"CONDOR USA, INC 31QG3EJX Pressure Switch, 3PST, 120/150 psi",Condor USA,
Middle Atlantic Slim 5 Series Adjustable Split Rear Rackrail,Middle Atlantic,
GIGABYTE Z97X-Gaming G1 Desktop Motherboard - Intel Z97 Express Chipset - Socket H3 LGA-1150,Gigabyte,
StarTech.com VGA Wall Plate Video Extender Receiver over Cat 5 w/ Audio-Video/audio extender-up to 980 ft-STUTPWALLA,Startech.com,
Mimoco 231826 Star Wars Yoda Mimobot 4GB USB 2. 0 Flash Drive,Mimoco,
Off Lease REFURBISHED Dell Latitude E6400 Core 2 Duo 2.4Ghz 4096MB 80GB DVD Windows 7 Laptop Notebook,Dell,
"KEYSIGHT TECHNOLOGIES E3649A-UK6 Dual Power Supply, 0-60VDC, 1.4A, NIST G2525537",Keysight Technologies,
Clover Technologies CTG39TM Lj 4300 Micr Toner [oem# Q1339a] [troy Oem# 02-81119-001] [18000 Yield],Clover Technologies,
4-Port USB 2.0 HUB,,
Radio Flyer Odyssey Ultimate Comfort Kids Wagon,Radio Flyer,
Upgi D1761 Sealed Lead Acid Charger [12v Dual-stage With Screw Terminals],Upgi,
Brother TN350/TN-350 Compatible Black Toner Cartridge,Brother,
Hosa Technology RCAF to XLR3M Adaptor,Hosa Technology,
Smart Strip SCG3 7-Outlet Energy Saving Surge Protector,Smart Strip,
EVGA GeForce 6200 Graphics Card,Evga,
V7 DisplayPort to HDMI Adapter - 1 x DisplayPort Male Digital Audio/Video - 1 x HDMI Female Digital Audio/Video - Black,V7,
CTA IPMFC Multifunction All in One Ipod Charger,CTA,