"Cat5e 24AWG UTP Ethernet Network Cable, 6-inch Orange",
HP Workstation Z620 - MT - 4U - 1 x Xeon E5-2620V2 / 2.1 GHz - RAM 8 GB - HDD 1 TB - DVD SuperMulti - Quadro K2000 - Gig,HP
Startech.com Sv411k 4 Port Starview Kvm Switch Kit,Startech.com
Hestia 2pc Speaker Stands Mocha*,
Fosmon HDMI Female to Micro HDMI Male Adapter,Fosmon
Lantronix SecureLinx Spider Compact Remote-KVM with Local Access - KVM / USB extender - USB,Lantronix
Epson WorkForce 40/600 Inkjet Ink Cartridge,Epson
Fellowes Blue Medium Mouse Pad,Fellowes
StarTech.com 1:2 Standalone USB 2.0 Flash Drive Duplicator and Eraser - Flash Drive Copier,Startech.com
Off Lease Refurbished DELL 1909 Widescreen 19 WideScreen LCD Flat Panel Computer Monitor Display,Dell
"LEVITON T7280-B Surge Recep, Dup, 5-15R, LED/Audible, Ind, BL",Leviton
3M PF23.0W9 Privacy Filter for LCD Monitor,3M
Chief Manufacturing XpressShip PTS Series Fixed Universal Desktop Mount for 30 - 50 LCD/Plasma,Chief Manufacturing
Hp Quadro K420 Graphic Card - 891 Mhz Core - 1 Gb Ddr3 Sdram - Pci Express 2.0 X16 - Low-profile - 3840 X 2160 - Opengl - Displayport - Dvi (j3g86at),HP
Lenovo ThinkPad Tablet 2 Bluetooth Keyboard with Stand - Keyboard - Bluetooth - English - US - for ThinkPad Tablet 2,Lenovo
"SQUARE D HL4IMA12C Surge Protection Device,Type 2,120kA,3P",Square D
Corlink SFP-1GE-T-COR Juniper Compatible 1000BASE-T SFP Copper 100m RJ45,Corlink
Audio-Technica QuietPoint ATH-ANC25 Headphone - Stereo - Black - Mini-phone - Wired - 20 Ohm - 20 Hz 20 kHz - Over-the-h,Audio-Technica
BTI Notebook Battery - 5200 mAh - Lithium Ion (Li-Ion) - 10.8 V DC,BTI
"HP TouchSmart 15-d037dx Core i3 3130M - 2.6 GHz, Windows 8.1 64-bit, 4 GB RAM, 750 GB HDD, DVD SuperMulti, 15.6 touchsc",HP
"Gear Head Mouse - Optical - Wireless - Radio Frequency - Purple, Black - 1000 dpi - Scroll Wheel",Gear Head
NEC Display E424 42 1080p LED-LCD TV - 16:9 - HDTV 1080p - ATSC - 178&#176; / 178&#176; - 1920 x 1080 - 3 x HDMI - USB - Media Pl,NEC
"Acer Blue 15.6 E5-571 Laptop PC with Intel Core i3-4005U Dual-Core Processor, 4GB Memory, 500GB Hard Drive and Windows 7 Home Premium",Acer
EDGE Boost Pro - Solid state drive - 30 GB - internal - 2.5 - SATA 6Gb/s,Edge
"AddOn - Notebook battery - 1 x lithium ion 6-cell 5200 mAh - for Dell Latitude E5400, E5410, E5410 N-Series, E5500, E551",AddOn
Parent Units TV Guard Button Blocker for Large Televisions,Parent Units
"LEGRAND 40N2F05WH Raceway, Base Seam Clip G2286882",Legrand
Targus 13.3 Laptop Skin with Handle,Targus
"Walkera Scout X4 Quadcopter - DEVO F12E Remote, iLook + 1080p HD Camera, 3-axis gimbal, Groundstation, Carbon Color - SC",Walkera
Acer Veriton X2631_Ec - SFF - 1 x Core i5 4440 / 3.1 GHz - RAM 4 GB - HDD 500 GB - GigE - Windows 7 Pro 64-bit / 8 Pro 6,Acer
Installation Kit for a Pair of 8 Inch In-Ceiling Speakers,
"Olay Total Effects 7-in-1 Anti-Aging Eye Transforming Cream, .5 oz",Olay
Kensington ClickSafe Keyed Ultra Lock,Kensington
"Cisco Handset Standard - Handset - charcoal - for Unified IP Phone 6901, 6911, 6921, 6941, 6945, 6961",Cisco
APC Smart-UPS X 1500 VA Tower/Rack Mountable UPS - 1500VA/1200W - 5.8 Minute Full Load - 8 x NEMA 5-15R,APC
StarTech.com 10 ft Mini DisplayPort to DVI Adapter Converter Cable - Mini DP to DVI 1920x1200 - White - Mini DisplayPort,Startech.com
"SMS Audio Sync By 50 On-Ear Wireless Sport Headphone - Bluetooth, Sweat Proof, Water Resistant, Rubber Coating, Oval-Fit",SMS Audio
Pioneer Tsa4103 4 X 10 2-Way S ers,Pioneer
"V7 Type A Male to Type B Male USB 2.0 10 Cable, Black",V7
Zeikos ZE-NBG3100 Battery Grip for Nikon D3100 Digital SLR Camera,Zeikos
Off Lease REFURBISHED IBM Lenovo M91 i5 3.1GHz 12GB 1TB DVD-RW Win 7 Pro64 Desktop Computer,IBM
"Tripp Lite 12-Port Wallmount Cat5e Patch Panel - 568B, RJ45 Ethernet",Tripp Lite
Nyko PS4 / PS3 Universal Power Cable (Universal,Nyko
OFM Laptop Computer Stand,OFM
HP 16GB DDR3 SDRAM Memory Module - 16 GB (1 x 16 GB) - DDR3 SDRAM - 1600 MHz DDR3-1600/PC3-12800 - ECC - Registered - 24,HP
Griffin KaZoo for Samsung Galaxy S5 - Smartphone - Owl - Silicone,Griffin
Coby Electronics Pink Jammerz Isolation Stereo Earphones CVE52PNK,Coby
Mimo Monitors 720S 7 LCD Touchscreen Monitor - 16 ms - Resistive - 800 x 480 - WVGA - 400:1 - 350 Nit - USB - RoHS - 1,Mimo Monitors
Gear Head Screen Gear Universal Display Cleaning Kit 1 oz. - SC5500UNV,Gear Head
"roocase Slim Fit Quadric TPU Case Protective Cover works with iPhone 6 Plus 5.5, Pink",Roocase
Adesso AKB-410PB Slim Touch Mini Keyboard with Built in Touchpad - PS/2 - 88 Keys - Black,Adesso
"Full-Motion Wall Mount Bracket (Max 33 lbs, 13 - 27 inch)",
"Activision StarCraft II: Wings of Liberty - Action/Adventure Game Retail - PC, Mac",Activision
HJC AC12/CL15/CL16/CLSP/CSR1/FS10/FS15/IS16 HJ09 Pinlock Shield Clear,Hjc
Off Lease REFURBISHED HP DC7700 Core 2 Duo 1.8GHz 2GB 400GB CDRW/DVD Win 7 Home Desktop Computer,HP
Samsung Compatible Cyan Toner Cartridge CLT-C506L/ CLP-680/ CLX-6260,Samsung
Gumdrop Air Shell - Palm Tree Island Collection - iPhone 4 Case,Gumdrop
HP Workstation Z620 - MT - 4U - 1 x Xeon E5-2620V2 / 2.1 GHz - RAM 8 GB - HDD 1 TB - DVD SuperMulti - Quadro K2000 - Gig,HP
CyberPower EC350G Ecologic 350VA/255W Energy Efficient Desktop ECO UPS - 350 VA/255 W - Desktop - 8 x NEMA 5-15R,CyberPower
LaCie d2 - Hard drive - 4 TB - external ( desktop ) - USB 3.0 / Thunderbolt - 7200 rpm,LaCie
"Ultra Slim Series USB 3.0 Cable, A Male to Micro B Male, 2 Ft Black",
Steren 200-130 F-jack To Bnc Plug Adapter,Steren
Lexmark X340A11G Black Return Program Toner Cartridge,Lexmark
Crucial - DDR3 - 4 GB : 2 x 2 GB - SO DIMM 204-pin - 1600 MHz / PC3-12800 - CL11 - 1.35 V - unbuffered - non-ECC,Crucial
EDGE - DDR3 - 4 GB - DIMM 240-pin - 1600 MHz / PC3-12800 - unbuffered - ECC,Edge
Corlink 108659228-COR Avaya Compatible 1000BASE-SX GBIC 850nm 550m MMF SC,Corlink
Chief Manufacturing Reaction Series Single Articulating Arm Tilt/Swivel Universal Wall Mount for up to 65 LCD/Plasma,Chief Manufacturing
RCA RCR4358N 4-Device Big-Button Universal Remote,RCA
Nintendo Super Mario 3D World - Action/Adventure Game Retail - Wii U,Nintendo
"StarTech 14AWG Computer Power Cord, 3",StarTech
Midland LXT600VP3 Gmrs 36 Channel Outfitters Camoperp Up To 26 Miles Value Pack,Midland
"Belkin Gold Series - Printer cable - DB-25 (M) - 36 pin Centronics (M) - 10 ft ( IEEE-1284 ) - molded, thumbscrews, stra",Belkin
Tripp Lite Internet Office INTERNET600U 600VA Mini Desktop UPS - 600VA/300W - 3 Minute Full Load - 8 x NEMA 5-15R,Tripp Lite
Add-on Computer-XFP transceiver module-10GBase-SR-LC multi-mode-up to 980 ft-850 nm-XFP-SR,AddOn
"BRADY R4410-RD Thermal Transfer Printer Ribbon, Red",Brady
Panasonic Toughbook Cf-53salc8rm 14 Led Notebook - Intel Core I5 I5-3340m 2.70 Ghz - 4 Gb Ram - 500 Gb Hdd - Intel Hd 4000 Graphics - Windows 8 - 1366 X 768 Display - Bluetooth (cf-53salc8rm),Panasonic
VTG MDPK Black Banana Plugs 2-Pack,VTG
"Fiber Optic Cable, LC/SC, Single Mode, Duplex - 1 meter (9/125 Type) - Yellow",
AddOn - Twinaxial cable - SFP+ - SFP+ - 16.4 ft,AddOn
AddOn - Network cable - QSFP+ - QSFP+ - 16.4 ft - fiber optic - active cable (signal regeneration),AddOn
Off Lease REFURBISHED HP Pro 6200 3.1GHz Quad Core i5 4GB 160GB DVD Win 7 Pro64 Small Form Computer PC,HP
CTA Sure Shot Rifle (Wii),CTA
McKlein USA R Series Roosevelt Leather Laptop Catalog Case,McKlein USA
LG 34UM94-P 34 LED LCD Monitor - 21:9 - 5 ms - Adjustable Display Angle - 3440 x 1440 - 1.07 Billion Colors - 320 Nit -,LG
Lenovo ThinkPad S1 Yoga Intel Core i5 4GB Memory 5 (Refurbished),Lenovo
Cables To Go 01949 Rj45 Cat5 8x8 Modular Plug For Flat Stranded Cable 100pk,Cables To Go
Clover Technologies Toner Cartridge - Black - Laser - 10000 Page - 1 Each - Remanufactured,Clover Technologies
"Corsair CMSA4GX3M1A1066C7 MacBook Memory Module - 4GB, PC3-8500, DDR3-1066MHZ, 7-7-7-20 CAS Latency, 204-pin SO-DIMM, 1.",Corsair
Kyasi London All Business Carrying Case (Folio) for iPad - Rad Red - Synthetic Leather,Kyasi
"LG 55 Class UHD 4K Smart 3D LED TV - WebOS, Ultra HD, 3840x2160 Resolution, 4x HDMI, WiFi, Web Browser - 55UB8500",LG
Brother TN460 Black Toner Cartridge,Brother
Corlink 61003024-COR Adva Compatible 1000BASE-CWDM SFP 1GE 2G FC 1550nm 80km DOM SMF LC,Corlink
Polk Audio TSi 400 Black (Ea) Floorstanding Tower Loudspeaker,Polk Audio
PC+TPU Horizontal Stand Case for Galaxy SIII - Black/Clear,
Off Lease REFURBISHED HP Compaq DC7800 C2D 2.2GHz 8GB 1TB DVD Win 7 Pro64 Desktop Computer + 17 LCD,HP
"Trident Aegis Iphone Case - Iphone - U.s. Marines Troops - Thermoplastic Elastomer [tpe], Polycarbonate, Silicone (ag-api647-bkk03)",Trident
10FT 24AWG Cat5e 350MHz UTP Bare Copper Ethernet Network Cable - Purple,
"Acer 24 Widescreen LED-LCD Monitor, Black (S242HL)",Acer
"Mobile Edge NeoGrid Sleeve for Apple iPad and 10 Tablets, Assorted Color Stitching",Mobile Edge
6ft USB 2.0 A Male to A Male 28/24AWG Cable (Gold Plated) - WHITE,
"Pelican 1170-000-240 Protective Case with Foam, Yellow",Pelican
Corlink 7SX-000-COR Adva Compatible 1000BASE-CWDM SFP 1GE 2G FC 1490nm 80km DOM SMF LC,Corlink
Dane-Elec High-Speed 8GB Class 10 SDHC Card,Dane-Elec
Minuteman En750 Enspire 750va Stand-by Ups,Minuteman
Raritan Dominion DLX-116 Digital KVM Switch - 16 Computer(s) - 1 Local User(s) - 1 Remote User(s) - 1920 x 1080 - 17 x N,Raritan
"Audiofly 78 Series Earphones, Marque Black",Audiofly
High School Musical 3: Senior Year DANCE! Bundle (Xbox 360),
Hp Probook 430 G1 F2q46ut 13.3 Led Notebook - Intel - Core I5 I5-4200u 1.6ghz - 4 Gb Ram - 128 Gb Ssd - Intel Hd 4000 Graphics - Genuine Windows 7 Professional 64-bit - 1366 X 768 (f2q46ut-aba),HP
Lenovo KM4802 - Keyboard and mouse set - USB - English,Lenovo
HP 824A (CB387A) Magenta Original LaserJet Image Drum - 1 Pack,HP
"Smooth Full-Motion TV Wall Mount Bracket (Min 5.5 - Max 44 lbs, 23 - 42 inch)",
SQUARE D 9070T100D1 Control Transformer,Square D
Off Lease REFURBISHED Dell Optiplex 780 2.9GHz 4GB 1TB DVD Win 7 Home Small Form Desktop Computer,Dell
Cables To Go 03177 VALUE SERIES RCA PLUG TO RCA JACK x 2 Y-CABLE,Cables To Go
Lexmark 15G041K Toner LEX15G041K,Lexmark
Technical Pro PS92U Power Supply with 5V USB Charging Port,Technical Pro
HiTi P510S Roll Photo Printer,HiTi
Off Lease REFURBISHED HP 8000 Elite USF 3.0GHz C2D 2GB 250GB DVD-ROM Win 7 Pro Desktop Computer,HP
"AEARO 350-4000 Ear Plugs, 22dB, w/o Cord, Universal PK100",Aearo
"Evercool 80mm Case Fan - 3pin, 3wire, 2500rpm, 1Ball Bearing, 25.02CFM, 28dba, 0.12amp, 1.32W, 5V DC - FAN-EC8025M05CA",Evercool
"Compucase RA364A00 3U Rackmount Chassis - Lockable Front Panel, Center Mount Holder, PS2 Power, Interchangeable Module",Compucase
Logitech TrackMan Marble Mouse,Logitech
"HP Pavilion 15-n237nr A series A8-4555M - 1.6 GHz, Windows 8.1 64-bit, 8 GB RAM, 1 TB HDD, DVD SuperMulti, 15.6 1366 x",HP
"Refurbished Samsung 22 Class LED Monitor - 1920 x 1080, 16:9, Mega Infinity Dynamic Contrast Ratio, HDMI (Refurbished) - RB-S22C300",Samsung
HGST Travelstar Z7K500 HTS725025A7E630 250 GB 2.5 Internal Hard Drive - SATA - 7200 rpm - 32 MB Buffer - Bulk,HGST
Plantronics 84693-11 CS540 w/HL10 Lifter,Plantronics
"BRADY 51584 Transfer Printer Tape,Reflectice,33 ft. G5543036",Brady
Seagate Enterprise NAS HDD ST5000VN0001 - Hard drive - 5 TB - internal - 3.5 - SATA 6Gb/s - 7200 rpm - buffer: 128 MB,Seagate
7FT FLEXboot Series 24AWG Cat6 550MHz UTP Bare Copper Ethernet Network Cable - Orange,
Kingston 32GB Kit (4x8GB) - DDR3 1600MHz - 32 GB (4 x 8 GB) - DDR3 SDRAM - 1600 MHz - ECC - Registered,Kingston
C2G Passive - SAS external cable - SAS 6Gbit/s - 4-Lane - 26 pin 4x Shielded Mini MultiLane SAS (SFF-8088) - 26 pin 4x S,C2G
Fosmon Apple iPhone 6 4.7 Case - DURA-FROST Smooth Durable & Flexible Slim Fit TPU Case Cover - Clear,Fosmon
"Comprehensive Cable Standard PC Power Cord, 1, Black",Comprehensive Cable
"Canon Usa, Wide Format 1485b001 Ink Cartridge, Matte Black, 330ml,",Canon Usa
XANTECH AV61 6-Way A/V Distribution Amplifier,Xantech
StarTech.com 12in Latching SATA to Right Angle SATA Serial ATA Cable - Male SATA - Male SATA - 12 - Red,Startech.com
"CoolerMaster - Hyper T2 CPU Cooler - 92mm PWM Fan, Direct Contact Heatpipes, Universal Mounting Kit - RR-HT2-28PK-R1",Cooler Master
Toshiba Canvio Basics 2 TB External Hard Drive - USB 3.0 - 5400 rpm - 8 MB Buffer - Portable - Black - 1 Pack,Toshiba
SanDisk X300 - Solid state drive - 512 GB - internal - 2.5 - SATA 6Gb/s,SanDisk
NETGEAR Powerline XAVB1201 - Bridge - HomePlug AV (HPAV) - wall-pluggable ( pack of 2 ),NETGEAR
LG 55LB5900 55 1080p 120Hz Class LED HDTV,LG
B&B Wi-Fi Dual Band Industrial Ethernet Bridge/Router - 2.48 GHz ISM Band - 5.82 GHz UNII Band - 65 Mbps Wireless Speed,B&B
Vivitar Rapid Travel Charger for Sony NP-F970 F960 F930 FM500H FM50,Vivitar
"10Gb Fiber Optic Cable, LC/ST, Multi Mode, Duplex - 1 Meter (50/125 Type) - Aqua",
Lenovo ThinkCentre Edge E93z 10B8-0007US All-in-One Computer - Intel Core i5 i5-4430S 2.70 GHz - Desktop - Business Blac,Lenovo
Sony SR32UYA/TQMN microSDHC/SDXC High Speed Memory Card,Sony
Off Lease REFURBISHED IBM Lenovo M58 C2D 2.6GHz 8GB 1TB DVD Windows 7 Pro 64 Bit Tower Computer,IBM
Corlink QFX-SFP-10GE-SR-COR Juniper Compatible 10GBASE-SR SFP+ 850nm 550m MMF LC,Corlink
"Minuteman EnterprisePlus LCD E750RT2U - UPS ( rack-mountable / external ) - AC 120/125 V - 600 Watt - 750 VA - Ethernet,",Minuteman
"Spacedec SD-DO Pole Mount for Flat Panel Display - 24 Screen Support - 26 lb Load Capacity - Aluminum, Steel, Plastic -",Spacedec
Incipio The Specialist for iPhone 4/4S,Incipio
"RCA VH6HCR 6 Ft Mini HDMI / HDMI Cable - HDMI for Audio/Video Device, TV - 6 ft - 1 x HDMI Male Digital Audio/Video - 1",RCA
Targus Kickstand - Flip cover for tablet - black - for Apple iPad mini; iPad mini 2,Targus
"SIIG USB 3.0 to SATA Adapter - Storage controller - 2.5, 3.5 - SATA 6Gb/s - 600 MBps - USB 3.0",SIIG
Corlink 1442110G1-COR Adtran Compatible 1000BASE-BXD SFP Tx1490nm/Rx1310nm 20km DOM SMF LC,Corlink
HP Essential Carrying Case (Messenger) for 17.3 Notebook,HP
"Water Resistant/ WeatherProof Pouch for all iPhone, and most SmartPhones - Blue/ Black",
Oki 43913804 Black Image Drum For C710 Series Printers,OKI
HP 1 TB Internal Hard Drive - SATA - 7200 rpm,HP
Corlink EX-SFP-1GE-SX-COR Juniper Compatible 1000BASE-SX SFP 850nm 550m DOM MMF LC,Corlink
Kingston DTGE9/16GBZ 16gb Datatraveler Ge9 Flash Ext Drive Usb 2.0 Gold Metal Casing Us,Kingston
"Middle Atlantic RIB Series Riser Base for WRK, 32 D",Middle Atlantic
6ft 18AWG Right Angle Power Cord Cable w/ 3 Conductor PC Power Connector Socket (C13/5-15P) - Black,
McKlein USA W Series River Forest Leather Laptop Briefcase,McKlein USA
RCA 25 Digital Series Digital Quad RG-6 Coaxial Cable,RCA
BTI TekPower Auto Adapter,BTI
Epson Light Light Black Ink Cartridge - Light Light Black - Inkjet - 1 Each,Epson
3ft S-Video|3.5mm Stereo to Composite RCA|RCA Stereo Combo 22AWG Cable (Gold Plated),RCA
Samsung 840 EVO MZ-7TE250KW 250 GB 2.5 Internal Solid State Drive - SATA - 540 MBps Maximum Read Transfer Rate - 520 MB,Samsung
"QVS Video Cable - for Monitor, Video Device - 15 ft - 1 x HD-15 Male VGA - 1 x HD-15 Male VGA - Shielding - Black",QVS
Kingston 8GB 1600MHz DDR3 ECC Reg CL11 DIMM SR x4 w/TS Intel - 8 GB (1 x 8 GB) - DDR3 SDRAM - 1600 MHz DDR3-1600/PC3-128,Kingston
"Rosewill Pellucid HD Series High Speed HDMI Cable (6 Feet) - HDMI for Audio/Video Device, Camera, Gaming Console - 6 ft",Rosewill
"OKI DATA AMERICAS, INC Toner Cartridge, for C6100 Series, 5000 Page Yield, Cyan",OKI Data
Solo Classic 16 Expandable Leather Attach USL4884,Solo
Havis CF-H-PAN-504-P - Port replicator - for Toughpad FZ-A1,Havis
Xerox Color Xpressions+ Copy Paper,Xerox
Kensington K39512US KeyFolio Pro 2 Keyboard Case for iPad 2/3/4,Kensington
"Epson T059 Ink, 450 Page-Yield",Epson
"Seagate NAS Pro 4 Bay Server - 8TB, HDD 2TB x 4, SATA 3GB/s, RAID 0/1/5/6/10, JBOD, Gigabit Ethernet, 5 Hot Spare, iSCSI",Seagate
Maxell Ur Type I Audio Cassette - 2 X 60minute(s) - Normal Bias,Maxell
Allsop ALLSOP 30377 3D Mouse Pad (Marine) ALS30377,Allsop
Off Lease REFURBISHED IBM Lenovo ThinkCentre M58p C2D 3.0GHz 2GB 400GB DVD Win 7 Desktop With 19 LCD,IBM
"Manhattan Fast Ethernet Switch - 8 Port, Easy Plug & Play, Windows/Machintosh Compatible, 10/100 Port, 10/100Mbps, Ultra",Manhattan
Audioengine A5+ White (Pr.) Powered Bookshelf Speakers,Audioengine
Off Lease REFURBISHED IBM Lenovo M91 i5 3.1GHz 2GB 400GB DVD-RW Win 7 Pro Desktop Computer,IBM
Valeo Portable Fitness Kit,Valeo
Microsoft Sculpt Touch Mouse - BlueTrack - Wireless - Bluetooth - Storm Gray - 1000 dpi - Touch Scroll - 5 Button(s),Microsoft
Transcend TS2GKR72V6Z 16gb 1600mhz Ddr3 240pin Dimm Mem Ecc Reg Drx4 Cl11,Transcend
"Fosmon Motorola Moto X (2nd Gen, 2014) Case - DURA-FROST Smooth Durable & Flexible Slim Fit TPU Case Cover - Teal",Fosmon
Off Lease REFURBISHED Dell Latitude E6410 I5 2.4GHz 2GB 160GB DVD Windows 7 Home Laptop Notebook,Dell
"SMS Audio Sync By 50 On-Ear Wireless Sport Headphone - Bluetooth, Sweat Proof, Water Resistant, Rubber Coating, Oval-Fit",SMS Audio
"Lenmar Ptz300ma Replacement Battery For Makita[r] 4334 Series, 5026 Series, 5036 Series Power Tools",Lenmar
Wireless Extenders YX027-DPC/PCS-CEL Directional Indoor Base Unit Antenna,Wireless Extenders
Amd Radeon Memory R5 Entertainment Series-16gb [2x8gb] Ddr3-1600 Mhz Cl11 Memory Kit - 16 Gb [2 X 8 Gb] - Ddr3 Sdram - 1600 Mhz Ddr3-1600/pc3-12800 - 1.35 V - 204-pin - Sodimm (r5316g1601s2lk),AMD
I Spy Universe (DS),
MSI A88XM GAMING - Motherboard - micro ATX - Socket FM2+ - AMD A88X - USB 3.0 - Gigabit LAN - onboard graphics (CPU requ,MSI
Edge Tech Corp. PE206932 2GB 667MHz Non ECC DDR2,Edge Tech
"High Speed HDMI Cable with HDMI Mini Connectors, 9-inch",
StarTech.com SATA to LP4 with 2x SATA Power Splitter Cable,Startech.com
Cables To Go 41020 2-WAY HIGH-FREQUENCY SPLITTER,Cables To Go
